dataset,ratio,method,method_type,alpha,run,n_samples,in_degree,out_degree,wcc,scc,hop_plot,hop_plot_wcc,singular_vec,singular_val,clustering,AVG,experiment_type,S_AVG_ALL,T_AVG,COMBINED_AVG,Snapshot_1_in_degree,Snapshot_1_out_degree,Snapshot_1_wcc,Snapshot_1_scc,Snapshot_1_hop_plot,Snapshot_1_hop_plot_wcc,Snapshot_1_singular_vec,Snapshot_1_singular_val,Snapshot_1_clustering,Snapshot_1_AVG,Snapshot_2_in_degree,Snapshot_2_out_degree,Snapshot_2_wcc,Snapshot_2_scc,Snapshot_2_hop_plot,Snapshot_2_hop_plot_wcc,Snapshot_2_singular_vec,Snapshot_2_singular_val,Snapshot_2_clustering,Snapshot_2_AVG,Snapshot_3_in_degree,Snapshot_3_out_degree,Snapshot_3_wcc,Snapshot_3_scc,Snapshot_3_hop_plot,Snapshot_3_hop_plot_wcc,Snapshot_3_singular_vec,Snapshot_3_singular_val,Snapshot_3_clustering,Snapshot_3_AVG,Snapshot_4_in_degree,Snapshot_4_out_degree,Snapshot_4_wcc,Snapshot_4_scc,Snapshot_4_hop_plot,Snapshot_4_hop_plot_wcc,Snapshot_4_singular_vec,Snapshot_4_singular_val,Snapshot_4_clustering,Snapshot_4_AVG,T_T1_dpl,T_T2_diameter,T_T3_cc_size,T_T4_singular,T_T5_clustering,T_T_AVG
cit-HepTh,0.1,RN,baseline,,0.0,2777.0,0.43350318767741636,0.6038504966919259,0.8458371816862383,0.005203803823738085,0.9714285714285714,0.9411764705882353,0.5199135758012243,1.0,0.1091820987654321,0.603343931829198,scale_down,,,,,,,,,,,,,,,,,,,,,,,,,,,,,,,,,,,,,,,,,,,,,,,,,
cit-HepTh,0.1,RN,baseline,,1.0,2777.0,0.3956340760021536,0.5758925158125197,0.8498534660360386,0.0026730794577536354,0.9714285714285714,0.9411764705882353,0.46485415916456607,1.0,0.14506172839506173,0.5940637852094333,scale_down,,,,,,,,,,,,,,,,,,,,,,,,,,,,,,,,,,,,,,,,,,,,,,,,,
cit-HepTh,0.1,RPN,baseline,,0.0,2777.0,0.14109509360064376,0.20470512760616644,0.8821283319191269,0.0004779014507768631,0.9142857142857143,0.9117647058823529,0.25956067698955704,0.98,0.3655115511551155,0.517725455876606,scale_down,,,,,,,,,,,,,,,,,,,,,,,,,,,,,,,,,,,,,,,,,,,,,,,,,
cit-HepTh,0.1,RPN,baseline,,1.0,2777.0,0.15457583336968284,0.2323067889896655,0.8754771125289054,0.0033047640654169097,0.9142857142857143,0.9117647058823529,0.23802664746128915,0.96,0.3564655721013109,0.5162452376315931,scale_down,,,,,,,,,,,,,,,,,,,,,,,,,,,,,,,,,,,,,,,,,,,,,,,,,
cit-HepTh,0.1,RDN,baseline,,0.0,2777.0,0.05807783097761132,0.13893220389143368,0.8661777247143101,0.001245089957259471,0.9142857142857143,0.9117647058823529,0.36658264314007927,0.94,0.26563122262046995,0.495855237274359,scale_down,,,,,,,,,,,,,,,,,,,,,,,,,,,,,,,,,,,,,,,,,,,,,,,,,
cit-HepTh,0.1,RDN,baseline,,1.0,2777.0,0.06837077987141305,0.15744292526241843,0.8514975590447289,0.0013303438400177336,0.9142857142857143,0.9117647058823529,0.3517824990997479,0.94,0.29259259259259257,0.49878523554210946,scale_down,,,,,,,,,,,,,,,,,,,,,,,,,,,,,,,,,,,,,,,,,,,,,,,,,
cit-HepTh,0.1,RW,baseline,,0.0,2777.0,0.06445386757577665,0.06739796466106263,0.993006993006993,0.0018154135360365364,0.8857142857142857,0.8823529411764706,0.3199135758012243,0.9,0.380718954248366,0.49948599952446826,scale_down,,,,,,,,,,,,,,,,,,,,,,,,,,,,,,,,,,,,,,,,,,,,,,,,,
cit-HepTh,0.1,RW,baseline,,1.0,2777.0,0.035287246278432716,0.08442363874832759,0.993006993006993,0.0013953630588771082,0.9142857142857143,0.9117647058823529,0.1999639899171768,0.94,0.4136038073697107,0.4993034953941761,scale_down,,,,,,,,,,,,,,,,,,,,,,,,,,,,,,,,,,,,,,,,,,,,,,,,,
cit-HepTh,0.1,RJ,baseline,,0.0,2777.0,0.16047376487007703,0.24839339707176145,0.4004144004144004,0.0012160855730716236,0.9142857142857143,0.9117647058823529,0.15876845516744686,0.98,0.3626543209876543,0.4597745382502754,scale_down,,,,,,,,,,,,,,,,,,,,,,,,,,,,,,,,,,,,,,,,,,,,,,,,,
cit-HepTh,0.1,RJ,baseline,,1.0,2777.0,0.1817713390477268,0.24422972511516416,0.32634032634032634,0.0009180350516699853,0.9142857142857143,0.9117647058823529,0.16654663305725603,0.98,0.35749934331494615,0.45370620245501736,scale_down,,,,,,,,,,,,,,,,,,,,,,,,,,,,,,,,,,,,,,,,,,,,,,,,,
cit-HepTh,0.1,FF,baseline,,0.0,2777.0,0.01187175668182594,0.09667077911697264,0.993006993006993,0.0010529444862312776,0.8857142857142857,0.8823529411764706,0.3200936262153402,0.88,0.392949967511371,0.4959681437677212,scale_down,,,,,,,,,,,,,,,,,,,,,,,,,,,,,,,,,,,,,,,,,,,,,,,,,
cit-HepTh,0.1,FF,baseline,,1.0,2777.0,0.09815490209795641,0.025014488075348673,0.993006993006993,0.0011073037308927391,0.9142857142857143,0.9117647058823529,0.23086064097947434,0.92,0.4001610305958132,0.49937286429494954,scale_down,,,,,,,,,,,,,,,,,,,,,,,,,,,,,,,,,,,,,,,,,,,,,,,,,
cit-HepTh,0.1,HYB-RN-RW(α=0.3),hybrid,0.3,0.0,2777.0,0.16451480815978403,0.31124285050827327,0.9337477337477338,0.002598582194126231,0.9142857142857143,0.9117647058823529,0.15529809613260193,1.0,0.2908422120750888,0.5204771892206306,scale_down,,,,,,,,,,,,,,,,,,,,,,,,,,,,,,,,,,,,,,,,,,,,,,,,,
cit-HepTh,0.1,HYB-RN-RW(α=0.3),hybrid,0.3,1.0,2777.0,0.11914539863181195,0.21691453239435443,0.9638099127150223,0.0003254204011217121,0.9142857142857143,0.9117647058823529,0.13110490471183206,0.98,0.2741975308641975,0.5012831244318231,scale_down,,,,,,,,,,,,,,,,,,,,,,,,,,,,,,,,,,,,,,,,,,,,,,,,,
cit-HepTh,0.1,HYB-RN-RW(α=0.5),hybrid,0.5,0.0,2777.0,0.1995597141297476,0.36334372985018515,0.9150559907798215,0.002597352640577144,0.9428571428571428,0.9117647058823529,0.21801260153948077,1.0,0.23747005712179842,0.5322956994223451,scale_down,,,,,,,,,,,,,,,,,,,,,,,,,,,,,,,,,,,,,,,,,,,,,,,,,
cit-HepTh,0.1,HYB-RN-RW(α=0.5),hybrid,0.5,1.0,2777.0,0.16612233546335675,0.2834786826167168,0.9310600903521258,0.0003065470163688966,0.9142857142857143,0.9117647058823529,0.19459466041796047,0.98,0.2693798449612403,0.5167769534439818,scale_down,,,,,,,,,,,,,,,,,,,,,,,,,,,,,,,,,,,,,,,,,,,,,,,,,
cit-HepTh,0.1,HYB-RN-RW(α=0.7),hybrid,0.7,0.0,2777.0,0.29751261715933663,0.4649827797701772,0.8855939824169778,0.004086289250341157,0.9428571428571428,0.9411764705882353,0.3127820206385594,1.0,0.17844545225497607,0.5586040838817495,scale_down,,,,,,,,,,,,,,,,,,,,,,,,,,,,,,,,,,,,,,,,,,,,,,,,,
cit-HepTh,0.1,HYB-RN-RW(α=0.7),hybrid,0.7,1.0,2777.0,0.23409746163230194,0.3682889291372251,0.9003853289567575,0.001271602292097218,0.9428571428571428,0.9117647058823529,0.27338195558543765,1.0,0.20841455490578298,0.5378290756943442,scale_down,,,,,,,,,,,,,,,,,,,,,,,,,,,,,,,,,,,,,,,,,,,,,,,,,
cit-HepTh,0.1,HYB-RN-FF(α=0.3),hybrid,0.3,0.0,2777.0,0.09445956846138331,0.11017787923610939,0.9426472807767772,0.0010040097829144834,0.9142857142857143,0.9117647058823529,0.18910595335697683,0.96,0.41887125220458554,0.5047018182207571,scale_down,,,,,,,,,,,,,,,,,,,,,,,,,,,,,,,,,,,,,,,,,,,,,,,,,
cit-HepTh,0.1,HYB-RN-FF(α=0.3),hybrid,0.3,1.0,2777.0,0.031626815185011425,0.05020396287651541,0.9618651244948823,0.001384697883294983,0.9142857142857143,0.8823529411764706,0.23567006735307816,0.94,0.400352733686067,0.49086022854900385,scale_down,,,,,,,,,,,,,,,,,,,,,,,,,,,,,,,,,,,,,,,,,,,,,,,,,
cit-HepTh,0.1,HYB-RN-FF(α=0.5),hybrid,0.5,0.0,2777.0,0.09853733874386772,0.17596337595044187,0.9172494172494172,0.003323261073630124,0.9142857142857143,0.9117647058823529,0.22900375930316086,0.96,0.4289541113440484,0.5154535204258482,scale_down,,,,,,,,,,,,,,,,,,,,,,,,,,,,,,,,,,,,,,,,,,,,,,,,,
cit-HepTh,0.1,HYB-RN-FF(α=0.5),hybrid,0.5,1.0,2777.0,0.06721509823172966,0.14551247229716324,0.9253537160513905,0.0015559780790099786,0.9142857142857143,0.9117647058823529,0.2144682882455698,0.96,0.3469481943002192,0.4985671297081276,scale_down,,,,,,,,,,,,,,,,,,,,,,,,,,,,,,,,,,,,,,,,,,,,,,,,,
cit-HepTh,0.1,HYB-RN-FF(α=0.7),hybrid,0.7,0.0,2777.0,0.16278195488721803,0.24925522910388376,0.8885523079071466,0.004455016829543301,0.9142857142857143,0.9117647058823529,0.28270131630987266,0.98,0.3817283950617284,0.5306138489186066,scale_down,,,,,,,,,,,,,,,,,,,,,,,,,,,,,,,,,,,,,,,,,,,,,,,,,
cit-HepTh,0.1,HYB-RN-FF(α=0.7),hybrid,0.7,1.0,2777.0,0.20138504155124648,0.34592184386261404,0.895828309621413,0.0016429353778751876,0.9142857142857143,0.9117647058823529,0.3010484085986554,0.98,0.39702581369248036,0.5498780858747058,scale_down,,,,,,,,,,,,,,,,,,,,,,,,,,,,,,,,,,,,,,,,,,,,,,,,,
cit-HepTh,0.1,HYB-RPN-RW(α=0.3),hybrid,0.3,0.0,2777.0,0.04079917427188329,0.10942077378982484,0.9353146853146853,0.0012422943522341079,0.9142857142857143,0.9117647058823529,0.2162831176887945,0.98,0.40746108427267846,0.5018412833175742,scale_down,,,,,,,,,,,,,,,,,,,,,,,,,,,,,,,,,,,,,,,,,,,,,,,,,
cit-HepTh,0.1,HYB-RPN-RW(α=0.3),hybrid,0.3,1.0,2777.0,0.06925798101811897,0.161457314804048,0.953006993006993,0.0006884502235344758,0.9142857142857143,0.9117647058823529,0.18897139860394901,0.98,0.3389450056116723,0.5020419514929314,scale_down,,,,,,,,,,,,,,,,,,,,,,,,,,,,,,,,,,,,,,,,,,,,,,,,,
cit-HepTh,0.1,HYB-RPN-RW(α=0.5),hybrid,0.5,0.0,2777.0,0.03680061640587956,0.08368873293224888,0.8815087351672718,0.0009471316528297802,0.9142857142857143,0.9117647058823529,0.22557547552250545,0.96,0.38308641975308644,0.48862861462243207,scale_down,,,,,,,,,,,,,,,,,,,,,,,,,,,,,,,,,,,,,,,,,,,,,,,,,
cit-HepTh,0.1,HYB-RPN-RW(α=0.5),hybrid,0.5,1.0,2777.0,0.10889407061958689,0.20568657330740914,0.9248251748251748,0.00029871552325000383,0.9142857142857143,0.9117647058823529,0.15757952782558415,0.98,0.3723674655047204,0.5084113275304215,scale_down,,,,,,,,,,,,,,,,,,,,,,,,,,,,,,,,,,,,,,,,,,,,,,,,,
cit-HepTh,0.1,HYB-RPN-RW(α=0.7),hybrid,0.7,0.0,2777.0,0.15967030656139725,0.26114106971284035,0.9063017906948543,0.0015715368119696427,0.9142857142857143,0.9117647058823529,0.1873357492184365,0.98,0.34814814814814815,0.5189132245906348,scale_down,,,,,,,,,,,,,,,,,,,,,,,,,,,,,,,,,,,,,,,,,,,,,,,,,
cit-HepTh,0.1,HYB-RPN-RW(α=0.7),hybrid,0.7,1.0,2777.0,0.15410155625858823,0.263192984682598,0.9128882986449752,0.0032291067547013386,0.9142857142857143,0.9117647058823529,0.1877950415525403,0.98,0.3281771968046478,0.5172705116517908,scale_down,,,,,,,,,,,,,,,,,,,,,,,,,,,,,,,,,,,,,,,,,,,,,,,,,
cit-HepTh,0.1,HYB-RPN-FF(α=0.3),hybrid,0.3,0.0,2777.0,0.11713008062196739,0.10552515763013415,0.9116116441697837,0.001351142391676996,0.9142857142857143,0.9117647058823529,0.17936301017331446,0.96,0.45090845562543674,0.5057711011978201,scale_down,,,,,,,,,,,,,,,,,,,,,,,,,,,,,,,,,,,,,,,,,,,,,,,,,
cit-HepTh,0.1,HYB-RPN-FF(α=0.3),hybrid,0.3,1.0,2777.0,0.08227805933992804,0.06460458735584962,0.953006993006993,0.0007734963579282272,0.9142857142857143,0.9117647058823529,0.18403130742220475,0.96,0.4460129528435539,0.5018619796105027,scale_down,,,,,,,,,,,,,,,,,,,,,,,,,,,,,,,,,,,,,,,,,,,,,,,,,
cit-HepTh,0.1,HYB-RPN-FF(α=0.5),hybrid,0.5,0.0,2777.0,0.023749615782365896,0.04934663138083553,0.8856244426714225,0.0010957273539408119,0.9142857142857143,0.9117647058823529,0.23767500478085324,0.94,0.3976503385105536,0.48457690896089317,scale_down,,,,,,,,,,,,,,,,,,,,,,,,,,,,,,,,,,,,,,,,,,,,,,,,,
cit-HepTh,0.1,HYB-RPN-FF(α=0.5),hybrid,0.5,1.0,2777.0,0.11351313751886516,0.14436309541986558,0.9260924948657291,0.002240529456452256,0.9142857142857143,0.9117647058823529,0.19621348700763247,0.98,0.4240081505453674,0.5124979238868865,scale_down,,,,,,,,,,,,,,,,,,,,,,,,,,,,,,,,,,,,,,,,,,,,,,,,,
cit-HepTh,0.1,HYB-RPN-FF(α=0.7),hybrid,0.7,0.0,2777.0,0.11908592600111656,0.19364914275090161,0.8853146853146853,0.0017991120032047059,0.9142857142857143,0.9117647058823529,0.2401187866583226,0.98,0.38278102664067576,0.5143110110596638,scale_down,,,,,,,,,,,,,,,,,,,,,,,,,,,,,,,,,,,,,,,,,,,,,,,,,
cit-HepTh,0.1,HYB-RPN-FF(α=0.7),hybrid,0.7,1.0,2777.0,0.09100064977257954,0.14019817752716657,0.8689964389172833,0.002277847072821859,0.9142857142857143,0.9117647058823529,0.20683835685367458,0.96,0.3735402068735402,0.49654467746501474,scale_down,,,,,,,,,,,,,,,,,,,,,,,,,,,,,,,,,,,,,,,,,,,,,,,,,
cit-HepTh,0.1,HYB-RDN-RW(α=0.3),hybrid,0.3,0.0,2777.0,0.0461642775716522,0.11725773085807734,0.9020979020979021,0.0013002470878114014,0.9142857142857143,0.9117647058823529,0.24718995420797218,0.96,0.3562469135802469,0.4951452717301922,scale_down,,,,,,,,,,,,,,,,,,,,,,,,,,,,,,,,,,,,,,,,,,,,,,,,,
cit-HepTh,0.1,HYB-RDN-RW(α=0.3),hybrid,0.3,1.0,2777.0,0.02730009616552831,0.09566775805487704,0.920717836380487,0.0009206754297551578,0.9142857142857143,0.9117647058823529,0.3031814750655858,0.96,0.3191358024691358,0.4947748959703818,scale_down,,,,,,,,,,,,,,,,,,,,,,,,,,,,,,,,,,,,,,,,,,,,,,,,,
cit-HepTh,0.1,HYB-RDN-RW(α=0.5),hybrid,0.5,0.0,2777.0,0.04462400257918914,0.13125046130071083,0.907069493006993,0.0019436328247135481,0.9142857142857143,0.9117647058823529,0.29040480817981507,0.96,0.2894848871860366,0.49453641169394724,scale_down,,,,,,,,,,,,,,,,,,,,,,,,,,,,,,,,,,,,,,,,,,,,,,,,,
cit-HepTh,0.1,HYB-RDN-RW(α=0.5),hybrid,0.5,1.0,2777.0,0.022152717860224325,0.08671280909796242,0.9081013326296346,0.0037842133196188676,0.9142857142857143,0.9117647058823529,0.3160403446349772,0.92,0.36006683375104426,0.49365651905128094,scale_down,,,,,,,,,,,,,,,,,,,,,,,,,,,,,,,,,,,,,,,,,,,,,,,,,
cit-HepTh,0.1,HYB-RDN-RW(α=0.7),hybrid,0.7,0.0,2777.0,0.09895814809204218,0.1948888205534285,0.8697193217741163,0.0011079216055026597,0.9142857142857143,0.9117647058823529,0.2855735647803641,0.96,0.26510141093474426,0.5001555119898072,scale_down,,,,,,,,,,,,,,,,,,,,,,,,,,,,,,,,,,,,,,,,,,,,,,,,,
cit-HepTh,0.1,HYB-RDN-RW(α=0.7),hybrid,0.7,1.0,2777.0,0.11200421848938613,0.2073271835791537,0.918006993006993,0.0004618330156704875,0.9142857142857143,0.9117647058823529,0.2498637609535167,0.96,0.32552993244817147,0.5110271490734397,scale_down,,,,,,,,,,,,,,,,,,,,,,,,,,,,,,,,,,,,,,,,,,,,,,,,,
cit-HepTh,0.1,HYB-RDN-FF(α=0.3),hybrid,0.3,0.0,2777.0,0.0753751745964088,0.08739243536701047,0.9215784215784216,0.0010826283200612297,0.8857142857142857,0.8823529411764706,0.356190550385178,0.92,0.3747224442668088,0.5004898757116272,scale_down,,,,,,,,,,,,,,,,,,,,,,,,,,,,,,,,,,,,,,,,,,,,,,,,,
cit-HepTh,0.1,HYB-RDN-FF(α=0.3),hybrid,0.3,1.0,2777.0,0.02799403902072628,0.041187201873303825,0.9198362612996759,0.001839450610820692,0.8857142857142857,0.8823529411764706,0.25260540871714854,0.94,0.37407407407407406,0.4806226291651673,scale_down,,,,,,,,,,,,,,,,,,,,,,,,,,,,,,,,,,,,,,,,,,,,,,,,,
cit-HepTh,0.1,HYB-RDN-FF(α=0.5),hybrid,0.5,0.0,2777.0,0.06953272201984673,0.09589576735139693,0.8853146853146853,0.0015262838407402723,0.9142857142857143,0.9117647058823529,0.2354416862152272,0.94,0.3759820426487093,0.4921937341731858,scale_down,,,,,,,,,,,,,,,,,,,,,,,,,,,,,,,,,,,,,,,,,,,,,,,,,
cit-HepTh,0.1,HYB-RDN-FF(α=0.5),hybrid,0.5,1.0,2777.0,0.03671594313770876,0.05203595857861465,0.9317825032110746,0.0007891683918856973,0.8857142857142857,0.8823529411764706,0.35132809949431754,0.92,0.3501001001001001,0.4900909999782731,scale_down,,,,,,,,,,,,,,,,,,,,,,,,,,,,,,,,,,,,,,,,,,,,,,,,,
cit-HepTh,0.1,HYB-RDN-FF(α=0.7),hybrid,0.7,0.0,2777.0,0.026843290707979806,0.10437566798384823,0.856102231102231,0.001621682973472649,0.9142857142857143,0.9117647058823529,0.36537530508542393,0.96,0.29167881792553707,0.4924497128829511,scale_down,,,,,,,,,,,,,,,,,,,,,,,,,,,,,,,,,,,,,,,,,,,,,,,,,
cit-HepTh,0.1,HYB-RDN-FF(α=0.7),hybrid,0.7,1.0,2777.0,0.055560701731503515,0.11491638540632187,0.9014039395718785,0.000800362147927447,0.9142857142857143,0.9117647058823529,0.29323922989787665,0.94,0.3769414575866189,0.5009902773900216,scale_down,,,,,,,,,,,,,,,,,,,,,,,,,,,,,,,,,,,,,,,,,,,,,,,,,
cit-HepTh,0.15,RN,baseline,,0.0,4165.0,0.36161577412920054,0.5173820981552222,0.8563949711490695,0.00472231247424959,0.9428571428571428,0.9411764705882353,0.37277486435697793,1.0,0.14814814814814814,0.571674642428694,scale_down,,,,,,,,,,,,,,,,,,,,,,,,,,,,,,,,,,,,,,,,,,,,,,,,,
cit-HepTh,0.15,RN,baseline,,1.0,4165.0,0.3491910710628712,0.5101872524713382,0.8388013855303575,0.0025510305685552126,0.9428571428571428,0.9411764705882353,0.3674820738522272,1.0,0.14049382716049383,0.565860028232358,scale_down,,,,,,,,,,,,,,,,,,,,,,,,,,,,,,,,,,,,,,,,,,,,,,,,,
cit-HepTh,0.15,RPN,baseline,,0.0,4165.0,0.13402903811252265,0.17934248048459567,0.8581522212227607,0.0008586684147728896,0.9142857142857143,0.9117647058823529,0.18065125942346688,0.94,0.3077160493827161,0.49186668191210026,scale_down,,,,,,,,,,,,,,,,,,,,,,,,,,,,,,,,,,,,,,,,,,,,,,,,,
cit-HepTh,0.15,RPN,baseline,,1.0,4165.0,0.14341221128556536,0.1931499130406671,0.8696184110548751,0.0008360825769279101,0.9142857142857143,0.9117647058823529,0.1896305227168289,0.96,0.2955840455840456,0.497586845158553,scale_down,,,,,,,,,,,,,,,,,,,,,,,,,,,,,,,,,,,,,,,,,,,,,,,,,
cit-HepTh,0.15,RDN,baseline,,0.0,4165.0,0.014541713678900892,0.06268224992291516,0.873006993006993,0.001407237696965713,0.8857142857142857,0.8823529411764706,0.3457614662717806,0.88,0.21296296296296297,0.4620477611590305,scale_down,,,,,,,,,,,,,,,,,,,,,,,,,,,,,,,,,,,,,,,,,,,,,,,,,
cit-HepTh,0.15,RDN,baseline,,1.0,4165.0,0.020961314959322574,0.07627317638041431,0.890203254689236,0.001059368928505,0.8857142857142857,0.8823529411764706,0.3275740400589476,0.9,0.25246913580246916,0.4707341686344057,scale_down,,,,,,,,,,,,,,,,,,,,,,,,,,,,,,,,,,,,,,,,,,,,,,,,,
cit-HepTh,0.15,RW,baseline,,0.0,4165.0,0.059700504143235356,0.07387645891108652,0.993006993006993,0.0024744255867747977,0.8857142857142857,0.8823529411764706,0.2829871595739484,0.82,0.33076419063383683,0.48120855097184795,scale_down,,,,,,,,,,,,,,,,,,,,,,,,,,,,,,,,,,,,,,,,,,,,,,,,,
cit-HepTh,0.15,RW,baseline,,1.0,4165.0,0.02459470120259566,0.06280833714679435,0.993006993006993,0.0013427929113332127,0.8857142857142857,0.8823529411764706,0.17121052237963963,0.9,0.31962962962962965,0.4711844670186379,scale_down,,,,,,,,,,,,,,,,,,,,,,,,,,,,,,,,,,,,,,,,,,,,,,,,,
cit-HepTh,0.15,RJ,baseline,,0.0,4165.0,0.13013309780416693,0.19552298751816466,0.37005617333486185,0.0006040892361154349,0.9142857142857143,0.9117647058823529,0.1367014504757611,0.96,0.3159656831973216,0.4372259890816065,scale_down,,,,,,,,,,,,,,,,,,,,,,,,,,,,,,,,,,,,,,,,,,,,,,,,,
cit-HepTh,0.15,RJ,baseline,,1.0,4165.0,0.14223035477085655,0.21142988148425035,0.3583916083916084,0.0004328676140804566,0.9142857142857143,0.9117647058823529,0.1335901015069334,0.94,0.32222222222222224,0.43714971735089103,scale_down,,,,,,,,,,,,,,,,,,,,,,,,,,,,,,,,,,,,,,,,,,,,,,,,,
cit-HepTh,0.15,FF,baseline,,0.0,4165.0,0.06164938140219922,0.05691443849258315,0.993006993006993,0.0004769631834193877,0.8857142857142857,0.8823529411764706,0.23929577592650308,0.84,0.36132644272179154,0.480081913513805,scale_down,,,,,,,,,,,,,,,,,,,,,,,,,,,,,,,,,,,,,,,,,,,,,,,,,
cit-HepTh,0.15,FF,baseline,,1.0,4165.0,0.060143377839435574,0.04686673286937293,0.993006993006993,0.0017180386536599368,0.8857142857142857,0.8823529411764706,0.2193929642436736,0.86,0.35623026126902096,0.4783806216414347,scale_down,,,,,,,,,,,,,,,,,,,,,,,,,,,,,,,,,,,,,,,,,,,,,,,,,
cit-HepTh,0.15,HYB-RN-RW(α=0.3),hybrid,0.3,0.0,4165.0,0.12324109367282776,0.24426809437624442,0.9307119110397799,0.0021885345070988826,0.9142857142857143,0.9117647058823529,0.12329914876165325,0.98,0.2931182007089598,0.5025419336927368,scale_down,,,,,,,,,,,,,,,,,,,,,,,,,,,,,,,,,,,,,,,,,,,,,,,,,
cit-HepTh,0.15,HYB-RN-RW(α=0.3),hybrid,0.3,1.0,4165.0,0.08497408802161999,0.1742981248741624,0.9528835362168695,0.0008803883527815914,0.9142857142857143,0.9117647058823529,0.11269598002410741,0.96,0.2517636684303351,0.4848384673431048,scale_down,,,,,,,,,,,,,,,,,,,,,,,,,,,,,,,,,,,,,,,,,,,,,,,,,
cit-HepTh,0.15,HYB-RN-RW(α=0.5),hybrid,0.5,0.0,4165.0,0.16127527003855346,0.30220364820017054,0.9098426928041532,0.002674524544458823,0.9142857142857143,0.9117647058823529,0.1689596495090374,0.98,0.22654320987654322,0.5086166016823315,scale_down,,,,,,,,,,,,,,,,,,,,,,,,,,,,,,,,,,,,,,,,,,,,,,,,,
cit-HepTh,0.15,HYB-RN-RW(α=0.5),hybrid,0.5,1.0,4165.0,0.13178522110181679,0.23638136845708813,0.907025684595778,0.0006325792273321751,0.9142857142857143,0.9117647058823529,0.15684448788517924,0.96,0.25617283950617287,0.4972102889934927,scale_down,,,,,,,,,,,,,,,,,,,,,,,,,,,,,,,,,,,,,,,,,,,,,,,,,
cit-HepTh,0.15,HYB-RN-RW(α=0.7),hybrid,0.7,0.0,4165.0,0.24161793372319684,0.3770255972445231,0.879009879009879,0.00394334574307198,0.9428571428571428,0.9117647058823529,0.21853816325798803,1.0,0.18,0.5283063075242393,scale_down,,,,,,,,,,,,,,,,,,,,,,,,,,,,,,,,,,,,,,,,,,,,,,,,,
cit-HepTh,0.15,HYB-RN-RW(α=0.7),hybrid,0.7,1.0,4165.0,0.21066836794475563,0.3217685767253545,0.8777332177908547,0.0009195195394537947,0.9142857142857143,0.9117647058823529,0.21027938755455355,0.96,0.18484904045960152,0.5102520589091823,scale_down,,,,,,,,,,,,,,,,,,,,,,,,,,,,,,,,,,,,,,,,,,,,,,,,,
cit-HepTh,0.15,HYB-RN-FF(α=0.3),hybrid,0.3,0.0,4165.0,0.05317172781766677,0.053652243538528877,0.9257287055452194,0.0006816989373947813,0.8857142857142857,0.8823529411764706,0.1820837775023656,0.9,0.3711792252022137,0.472729400603794,scale_down,,,,,,,,,,,,,,,,,,,,,,,,,,,,,,,,,,,,,,,,,,,,,,,,,
cit-HepTh,0.15,HYB-RN-FF(α=0.3),hybrid,0.3,1.0,4165.0,0.032986153909363575,0.033874188576401676,0.946175037084128,0.0009984161700745675,0.8857142857142857,0.8823529411764706,0.24045310132692266,0.9,0.33176100628930816,0.4727016811385505,scale_down,,,,,,,,,,,,,,,,,,,,,,,,,,,,,,,,,,,,,,,,,,,,,,,,,
cit-HepTh,0.15,HYB-RN-FF(α=0.5),hybrid,0.5,0.0,4165.0,0.12618718568851006,0.17386645551968027,0.9088582650226485,0.002127056190028398,0.9142857142857143,0.9117647058823529,0.18989352839690632,0.96,0.3691604938271605,0.5062381560903334,scale_down,,,,,,,,,,,,,,,,,,,,,,,,,,,,,,,,,,,,,,,,,,,,,,,,,
cit-HepTh,0.15,HYB-RN-FF(α=0.5),hybrid,0.5,1.0,4165.0,0.02674073503054597,0.06852349086815968,0.8926668569525712,0.0010091777394342083,0.8857142857142857,0.8823529411764706,0.1886066766696678,0.94,0.3679549114331723,0.47261878617603414,scale_down,,,,,,,,,,,,,,,,,,,,,,,,,,,,,,,,,,,,,,,,,,,,,,,,,
cit-HepTh,0.15,HYB-RN-FF(α=0.7),hybrid,0.7,0.0,4165.0,0.16316267205586854,0.24386456386935262,0.8825097554379322,0.0041884134333476375,0.9142857142857143,0.9117647058823529,0.23200035698037047,0.96,0.34565169889653663,0.517491986760164,scale_down,,,,,,,,,,,,,,,,,,,,,,,,,,,,,,,,,,,,,,,,,,,,,,,,,
cit-HepTh,0.15,HYB-RN-FF(α=0.7),hybrid,0.7,1.0,4165.0,0.14635241722049264,0.22530057826307504,0.8676626403899131,0.0014985937972575858,0.9142857142857143,0.9117647058823529,0.2319382946111591,0.96,0.2717465171593612,0.5033943846232584,scale_down,,,,,,,,,,,,,,,,,,,,,,,,,,,,,,,,,,,,,,,,,,,,,,,,,
cit-HepTh,0.15,HYB-RPN-RW(α=0.3),hybrid,0.3,0.0,4165.0,0.0914390907459387,0.18183536314552806,0.8949677773207185,0.0014247892347711844,0.9142857142857143,0.9117647058823529,0.09747935109034321,0.98,0.3130279402209227,0.48735830354736553,scale_down,,,,,,,,,,,,,,,,,,,,,,,,,,,,,,,,,,,,,,,,,,,,,,,,,
cit-HepTh,0.15,HYB-RPN-RW(α=0.3),hybrid,0.3,1.0,4165.0,0.03912469662881535,0.09563485395032623,0.9316862382900118,0.0011411176588984606,0.9142857142857143,0.9117647058823529,0.18897290924250232,0.92,0.3329503469406146,0.4817289536532484,scale_down,,,,,,,,,,,,,,,,,,,,,,,,,,,,,,,,,,,,,,,,,,,,,,,,,
cit-HepTh,0.15,HYB-RPN-RW(α=0.5),hybrid,0.5,0.0,4165.0,0.07444156840187899,0.14449026827299816,0.8862108765021386,0.0008234937807983789,0.9142857142857143,0.9117647058823529,0.1578222156051925,0.94,0.35129068462401797,0.48679216970612127,scale_down,,,,,,,,,,,,,,,,,,,,,,,,,,,,,,,,,,,,,,,,,,,,,,,,,
cit-HepTh,0.15,HYB-RPN-RW(α=0.5),hybrid,0.5,1.0,4165.0,0.06673389080177078,0.10141914558523424,0.879692545414925,0.0012049243223599682,0.9142857142857143,0.9117647058823529,0.19140121518507935,0.92,0.3304046138596017,0.47965630614855986,scale_down,,,,,,,,,,,,,,,,,,,,,,,,,,,,,,,,,,,,,,,,,,,,,,,,,
cit-HepTh,0.15,HYB-RPN-RW(α=0.7),hybrid,0.7,0.0,4165.0,0.10906809839625642,0.17821193276525105,0.8909127521692967,0.00045799715808025887,0.9142857142857143,0.9117647058823529,0.15387433235882858,0.96,0.35070098346934503,0.4965862796094583,scale_down,,,,,,,,,,,,,,,,,,,,,,,,,,,,,,,,,,,,,,,,,,,,,,,,,
cit-HepTh,0.15,HYB-RPN-RW(α=0.7),hybrid,0.7,1.0,4165.0,0.09521496450594691,0.1557348038813522,0.8668602040161674,0.0013827131632138112,0.9142857142857143,0.9117647058823529,0.16445005338919183,0.96,0.2858227079538555,0.4839462074530883,scale_down,,,,,,,,,,,,,,,,,,,,,,,,,,,,,,,,,,,,,,,,,,,,,,,,,
cit-HepTh,0.15,HYB-RPN-FF(α=0.3),hybrid,0.3,0.0,4165.0,0.02095919171137861,0.036746451066246744,0.9192742741129838,0.0007033801007063634,0.8857142857142857,0.8823529411764706,0.24432704830601149,0.88,0.372233869089215,0.4713679379196998,scale_down,,,,,,,,,,,,,,,,,,,,,,,,,,,,,,,,,,,,,,,,,,,,,,,,,
cit-HepTh,0.15,HYB-RPN-FF(α=0.3),hybrid,0.3,1.0,4165.0,0.06442250097251523,0.02414673527607858,0.9336462624133857,0.0008047124105658998,0.8857142857142857,0.8823529411764706,0.19553107997424013,0.9,0.35553898417433094,0.47135083356798585,scale_down,,,,,,,,,,,,,,,,,,,,,,,,,,,,,,,,,,,,,,,,,,,,,,,,,
cit-HepTh,0.15,HYB-RPN-FF(α=0.5),hybrid,0.5,0.0,4165.0,0.02004416251380081,0.03821729916969058,0.8880346173163852,0.0006841626070218654,0.8857142857142857,0.8823529411764706,0.24032713504203873,0.9,0.34359301830566197,0.46655195798281723,scale_down,,,,,,,,,,,,,,,,,,,,,,,,,,,,,,,,,,,,,,,,,,,,,,,,,
cit-HepTh,0.15,HYB-RPN-FF(α=0.5),hybrid,0.5,1.0,4165.0,0.05006987328385548,0.06372691396426083,0.8806474424451952,0.00088799825542063,0.8857142857142857,0.8823529411764706,0.17435163811280285,0.92,0.36637106590158236,0.46934690653931926,scale_down,,,,,,,,,,,,,,,,,,,,,,,,,,,,,,,,,,,,,,,,,,,,,,,,,
cit-HepTh,0.15,HYB-RPN-FF(α=0.7),hybrid,0.7,0.0,4165.0,0.06131757484310285,0.10970207333845383,0.8706540518305225,0.0007946159383503959,0.9142857142857143,0.9117647058823529,0.18209356001295962,0.94,0.3363269284321916,0.48077102495151647,scale_down,,,,,,,,,,,,,,,,,,,,,,,,,,,,,,,,,,,,,,,,,,,,,,,,,
cit-HepTh,0.15,HYB-RPN-FF(α=0.7),hybrid,0.7,1.0,4165.0,0.06293331670299984,0.10748212029408866,0.8603982973548191,0.00200624858588061,0.9142857142857143,0.9117647058823529,0.1839731453574125,0.92,0.3444722918407129,0.47859064892266456,scale_down,,,,,,,,,,,,,,,,,,,,,,,,,,,,,,,,,,,,,,,,,,,,,,,,,
cit-HepTh,0.15,HYB-RDN-RW(α=0.3),hybrid,0.3,0.0,4165.0,0.021919664024927177,0.0611868228742406,0.8957847707847708,0.0005728444201438254,0.8857142857142857,0.8823529411764706,0.24308604559328006,0.9,0.2844135802469136,0.46389232831500354,scale_down,,,,,,,,,,,,,,,,,,,,,,,,,,,,,,,,,,,,,,,,,,,,,,,,,
cit-HepTh,0.15,HYB-RDN-RW(α=0.3),hybrid,0.3,1.0,4165.0,0.025611277438293056,0.08636480764196142,0.938952938952939,0.0010732327034600475,0.8857142857142857,0.8823529411764706,0.2171600734620403,0.92,0.3137155420260443,0.47454945545727717,scale_down,,,,,,,,,,,,,,,,,,,,,,,,,,,,,,,,,,,,,,,,,,,,,,,,,
cit-HepTh,0.15,HYB-RDN-RW(α=0.5),hybrid,0.5,0.0,4165.0,0.09427933513633613,0.165286489842691,0.8666912035333088,0.0016372790996570519,0.9142857142857143,0.9117647058823529,0.200578342074349,0.94,0.24591796097172441,0.4822712256473482,scale_down,,,,,,,,,,,,,,,,,,,,,,,,,,,,,,,,,,,,,,,,,,,,,,,,,
cit-HepTh,0.15,HYB-RDN-RW(α=0.5),hybrid,0.5,1.0,4165.0,0.01135563855612709,0.08147190822217165,0.9228315544105018,0.0014449662178417366,0.8857142857142857,0.8823529411764706,0.24874406023976453,0.92,0.3055555555555556,0.47327454556585763,scale_down,,,,,,,,,,,,,,,,,,,,,,,,,,,,,,,,,,,,,,,,,,,,,,,,,
cit-HepTh,0.15,HYB-RDN-RW(α=0.7),hybrid,0.7,0.0,4165.0,0.039685375634325504,0.10313399507596854,0.8440708227942271,0.0006214252456232527,0.9142857142857143,0.8823529411764706,0.2939174975142156,0.9,0.2633455051295427,0.47126814187289856,scale_down,,,,,,,,,,,,,,,,,,,,,,,,,,,,,,,,,,,,,,,,,,,,,,,,,
cit-HepTh,0.15,HYB-RDN-RW(α=0.7),hybrid,0.7,1.0,4165.0,0.014875617201151381,0.07577049621592513,0.8986673703654836,0.0006179009061593188,0.8857142857142857,0.8823529411764706,0.3106713860186631,0.9,0.30590769740657886,0.4749530772227464,scale_down,,,,,,,,,,,,,,,,,,,,,,,,,,,,,,,,,,,,,,,,,,,,,,,,,
cit-HepTh,0.15,HYB-RDN-FF(α=0.3),hybrid,0.3,0.0,4165.0,0.045482602308201614,0.09821959208819664,0.8831168831168831,0.002229421965652123,0.8857142857142857,0.8823529411764706,0.315660263598324,0.86,0.3012202954399486,0.47488847615644025,scale_down,,,,,,,,,,,,,,,,,,,,,,,,,,,,,,,,,,,,,,,,,,,,,,,,,
cit-HepTh,0.15,HYB-RDN-FF(α=0.3),hybrid,0.3,1.0,4165.0,0.03224063828032764,0.06820292864819888,0.9327660291515714,0.0012116839569373816,0.8857142857142857,0.8823529411764706,0.28945257904250277,0.88,0.3183578055372927,0.4766998768341763,scale_down,,,,,,,,,,,,,,,,,,,,,,,,,,,,,,,,,,,,,,,,,,,,,,,,,
cit-HepTh,0.15,HYB-RDN-FF(α=0.5),hybrid,0.5,0.0,4165.0,0.05456978907866156,0.09003896829360714,0.8531468531468531,0.0005325220585732371,0.8857142857142857,0.8823529411764706,0.3146807652752941,0.86,0.29245213277149407,0.47038758416835996,scale_down,,,,,,,,,,,,,,,,,,,,,,,,,,,,,,,,,,,,,,,,,,,,,,,,,
cit-HepTh,0.15,HYB-RDN-FF(α=0.5),hybrid,0.5,1.0,4165.0,0.03560312522883646,0.06388761928889208,0.9045114177857541,0.000566536749878721,0.8857142857142857,0.8823529411764706,0.22032979226457416,0.9,0.34016024854876953,0.47034732963971787,scale_down,,,,,,,,,,,,,,,,,,,,,,,,,,,,,,,,,,,,,,,,,,,,,,,,,
cit-HepTh,0.15,HYB-RDN-FF(α=0.7),hybrid,0.7,0.0,4165.0,0.02190679382470173,0.06156606003053133,0.8313303463004061,0.0008006987545357003,0.8857142857142857,0.8823529411764706,0.31619087503562276,0.9,0.262892639474918,0.4625282933679413,scale_down,,,,,,,,,,,,,,,,,,,,,,,,,,,,,,,,,,,,,,,,,,,,,,,,,
cit-HepTh,0.15,HYB-RDN-FF(α=0.7),hybrid,0.7,1.0,4165.0,0.05686346472326731,0.06480544528183063,0.8942415609082276,0.0014689411415069742,0.8857142857142857,0.8823529411764706,0.3196707315682519,0.88,0.3158630328441649,0.47788671148422285,scale_down,,,,,,,,,,,,,,,,,,,,,,,,,,,,,,,,,,,,,,,,,,,,,,,,,
cit-HepTh,0.2,RN,baseline,,0.0,5554.0,0.30987878076216835,0.4535984238968591,0.8697675563872747,0.004481783336163003,0.9428571428571428,0.9411764705882353,0.28764854159164566,1.0,0.13227513227513227,0.5490759812994024,scale_down,,,,,,,,,,,,,,,,,,,,,,,,,,,,,,,,,,,,,,,,,,,,,,,,,
cit-HepTh,0.2,RN,baseline,,1.0,5554.0,0.310339558573854,0.4478198921688572,0.8447910735193443,0.001761628616857025,0.9428571428571428,0.9117647058823529,0.29081742888008644,1.0,0.09491927825261158,0.5383411898612339,scale_down,,,,,,,,,,,,,,,,,,,,,,,,,,,,,,,,,,,,,,,,,,,,,,,,,
cit-HepTh,0.2,RPN,baseline,,0.0,5554.0,0.10805847997702722,0.14457857553367748,0.8643520222467591,0.0005504326065600695,0.9142857142857143,0.9117647058823529,0.145192653943104,0.92,0.2881105743424584,0.47743257320196153,scale_down,,,,,,,,,,,,,,,,,,,,,,,,,,,,,,,,,,,,,,,,,,,,,,,,,
cit-HepTh,0.2,RPN,baseline,,1.0,5554.0,0.11366952875659997,0.14637867824787376,0.8398704616416793,0.0010262406231220655,0.9142857142857143,0.9117647058823529,0.14958588404753326,0.92,0.2938271604938272,0.47671204155318925,scale_down,,,,,,,,,,,,,,,,,,,,,,,,,,,,,,,,,,,,,,,,,,,,,,,,,
cit-HepTh,0.2,RDN,baseline,,0.0,5554.0,0.034063534324412226,0.08692701880171122,0.9167738091504908,0.0025680444576643424,0.8857142857142857,0.8823529411764706,0.3180410514944184,0.82,0.2381521306252489,0.46495475730496694,scale_down,,,,,,,,,,,,,,,,,,,,,,,,,,,,,,,,,,,,,,,,,,,,,,,,,
cit-HepTh,0.2,RDN,baseline,,1.0,5554.0,0.039442332171837124,0.0837944845374497,0.873006993006993,0.0021686456095088014,0.8857142857142857,0.8823529411764706,0.3155923658624415,0.8,0.23926462694578637,0.4579262972249748,scale_down,,,,,,,,,,,,,,,,,,,,,,,,,,,,,,,,,,,,,,,,,,,,,,,,,
cit-HepTh,0.2,RW,baseline,,0.0,5554.0,0.05812605719185926,0.07686439874101592,0.993006993006993,0.003077275815613234,0.8857142857142857,0.8823529411764706,0.25081022686352183,0.78,0.26460291136908054,0.4660616766532044,scale_down,,,,,,,,,,,,,,,,,,,,,,,,,,,,,,,,,,,,,,,,,,,,,,,,,
cit-HepTh,0.2,RW,baseline,,1.0,5554.0,0.022015139101369652,0.04724018392760154,0.993006993006993,0.0017967187736960266,0.8857142857142857,0.8823529411764706,0.15830032409074546,0.84,0.2962616174226661,0.45852091146820306,scale_down,,,,,,,,,,,,,,,,,,,,,,,,,,,,,,,,,,,,,,,,,,,,,,,,,
cit-HepTh,0.2,RJ,baseline,,0.0,5554.0,0.1074162995196869,0.17002281694846177,0.3118475727171379,0.0006850035863749104,0.9142857142857143,0.9117647058823529,0.11922938422758367,0.94,0.2936604487699378,0.41876799399302783,scale_down,,,,,,,,,,,,,,,,,,,,,,,,,,,,,,,,,,,,,,,,,,,,,,,,,
cit-HepTh,0.2,RJ,baseline,,1.0,5554.0,0.12098533698967273,0.18060696983400726,0.33511225616488777,0.0006107060846074486,0.9142857142857143,0.9117647058823529,0.12193014043932304,0.94,0.29899972965666394,0.42492172881524776,scale_down,,,,,,,,,,,,,,,,,,,,,,,,,,,,,,,,,,,,,,,,,,,,,,,,,
cit-HepTh,0.2,FF,baseline,,0.0,5554.0,0.04009558697376503,0.08263750745172338,0.993006993006993,0.0011798360630864702,0.8571428571428571,0.8529411764705882,0.24965790421317968,0.82,0.3119202968080343,0.4676202397922474,scale_down,,,,,,,,,,,,,,,,,,,,,,,,,,,,,,,,,,,,,,,,,,,,,,,,,
cit-HepTh,0.2,FF,baseline,,1.0,5554.0,0.05309000749035253,0.05924141858511578,0.993006993006993,0.0005301730410062211,0.8571428571428571,0.8823529411764706,0.22524306805905647,0.84,0.2967372134038801,0.4674827413228591,scale_down,,,,,,,,,,,,,,,,,,,,,,,,,,,,,,,,,,,,,,,,,,,,,,,,,
cit-HepTh,0.2,HYB-RN-RW(α=0.3),hybrid,0.3,0.0,5554.0,0.09160697206225632,0.19854489827569344,0.9237298845732581,0.0017657343743264775,0.9142857142857143,0.9117647058823529,0.09907023280041073,0.94,0.2830472749171936,0.4848683796856895,scale_down,,,,,,,,,,,,,,,,,,,,,,,,,,,,,,,,,,,,,,,,,,,,,,,,,
cit-HepTh,0.2,HYB-RN-RW(α=0.3),hybrid,0.3,1.0,5554.0,0.07131145312069198,0.14745689874413548,0.9475524475524476,0.0004235986936843572,0.9142857142857143,0.8823529411764706,0.11037097179663136,0.92,0.24710254472159235,0.47120628556570754,scale_down,,,,,,,,,,,,,,,,,,,,,,,,,,,,,,,,,,,,,,,,,,,,,,,,,
cit-HepTh,0.2,HYB-RN-RW(α=0.5),hybrid,0.5,0.0,5554.0,0.14173332089639257,0.26131148983234787,0.895446017397237,0.0025011696566688,0.9142857142857143,0.9117647058823529,0.13957358657354135,0.96,0.2049162257495591,0.4923924700304238,scale_down,,,,,,,,,,,,,,,,,,,,,,,,,,,,,,,,,,,,,,,,,,,,,,,,,
cit-HepTh,0.2,HYB-RN-RW(α=0.5),hybrid,0.5,1.0,5554.0,0.11512921435316759,0.19416372026760897,0.8989110520475834,0.0006848974395727847,0.9142857142857143,0.9117647058823529,0.12299650045357409,0.94,0.2568479938271605,0.4838648665063038,scale_down,,,,,,,,,,,,,,,,,,,,,,,,,,,,,,,,,,,,,,,,,,,,,,,,,
cit-HepTh,0.2,HYB-RN-RW(α=0.7),hybrid,0.7,0.0,5554.0,0.21282447752995837,0.3368792963578414,0.8635304089849545,0.0034786167363685117,0.9142857142857143,0.9117647058823529,0.1768215325431834,0.98,0.1685583432895261,0.5075714550677666,scale_down,,,,,,,,,,,,,,,,,,,,,,,,,,,,,,,,,,,,,,,,,,,,,,,,,
cit-HepTh,0.2,HYB-RN-RW(α=0.7),hybrid,0.7,1.0,5554.0,0.18342373211646823,0.26847715777925085,0.8875330277199436,0.000805070619544157,0.9142857142857143,0.9117647058823529,0.1721323566383307,0.96,0.17718141870684243,0.4972892426387163,scale_down,,,,,,,,,,,,,,,,,,,,,,,,,,,,,,,,,,,,,,,,,,,,,,,,,
cit-HepTh,0.2,HYB-RN-FF(α=0.3),hybrid,0.3,0.0,5554.0,0.03670874141074004,0.03964317401218437,0.9349959432832361,0.000790595973030217,0.8857142857142857,0.8823529411764706,0.18524210923473772,0.86,0.3424162257495591,0.46309600183936045,scale_down,,,,,,,,,,,,,,,,,,,,,,,,,,,,,,,,,,,,,,,,,,,,,,,,,
cit-HepTh,0.2,HYB-RN-FF(α=0.3),hybrid,0.3,1.0,5554.0,0.028420439924024266,0.041066859988205584,0.9285740033162714,0.0004386964568732221,0.8857142857142857,0.8823529411764706,0.233384441499632,0.86,0.3115115115115115,0.46349590884303044,scale_down,,,,,,,,,,,,,,,,,,,,,,,,,,,,,,,,,,,,,,,,,,,,,,,,,
cit-HepTh,0.2,HYB-RN-FF(α=0.5),hybrid,0.5,0.0,5554.0,0.08225729750898636,0.11178304577858,0.8976832519997988,0.00221700652180179,0.8857142857142857,0.8823529411764706,0.14750524474703175,0.9,0.3287528505150586,0.4709184359957793,scale_down,,,,,,,,,,,,,,,,,,,,,,,,,,,,,,,,,,,,,,,,,,,,,,,,,
cit-HepTh,0.2,HYB-RN-FF(α=0.5),hybrid,0.5,1.0,5554.0,0.022221590593364537,0.04517774451511658,0.8861622517716007,0.0007875382430889699,0.8857142857142857,0.8823529411764706,0.18833876684253004,0.9,0.32250210873399277,0.45925080306560556,scale_down,,,,,,,,,,,,,,,,,,,,,,,,,,,,,,,,,,,,,,,,,,,,,,,,,
cit-HepTh,0.2,HYB-RN-FF(α=0.7),hybrid,0.7,0.0,5554.0,0.16241106346887813,0.21569903160688175,0.8665402394215953,0.003472157066624404,0.9142857142857143,0.8823529411764706,0.19355873454539052,0.94,0.3067946291790574,0.4983460567500681,scale_down,,,,,,,,,,,,,,,,,,,,,,,,,,,,,,,,,,,,,,,,,,,,,,,,,
cit-HepTh,0.2,HYB-RN-FF(α=0.7),hybrid,0.7,1.0,5554.0,0.12020575873533651,0.1554425875420823,0.8708407461556076,0.0013401115486445514,0.9142857142857143,0.8823529411764706,0.19138982815977648,0.94,0.2831088664421998,0.48432961711620354,scale_down,,,,,,,,,,,,,,,,,,,,,,,,,,,,,,,,,,,,,,,,,,,,,,,,,
cit-HepTh,0.2,HYB-RPN-RW(α=0.3),hybrid,0.3,0.0,5554.0,0.02056215371191894,0.031576738720387465,0.920045619616435,0.001718179061941938,0.8857142857142857,0.8823529411764706,0.227261881502003,0.88,0.30009496676163344,0.46103630736278617,scale_down,,,,,,,,,,,,,,,,,,,,,,,,,,,,,,,,,,,,,,,,,,,,,,,,,
cit-HepTh,0.2,HYB-RPN-RW(α=0.3),hybrid,0.3,1.0,5554.0,0.03184773570631472,0.08730562858218904,0.9344295871492524,0.000731338005198312,0.8857142857142857,0.8823529411764706,0.13511112711559237,0.92,0.29534662867996203,0.46364880801436276,scale_down,,,,,,,,,,,,,,,,,,,,,,,,,,,,,,,,,,,,,,,,,,,,,,,,,
cit-HepTh,0.2,HYB-RPN-RW(α=0.5),hybrid,0.5,0.0,5554.0,0.07862522925962223,0.1416040516745225,0.9094156617376432,0.0006098775266355494,0.9142857142857143,0.9117647058823529,0.12212600195677148,0.94,0.2831731222316464,0.477956040506101,scale_down,,,,,,,,,,,,,,,,,,,,,,,,,,,,,,,,,,,,,,,,,,,,,,,,,
cit-HepTh,0.2,HYB-RPN-RW(α=0.5),hybrid,0.5,1.0,5554.0,0.04139942280800929,0.08328967820589672,0.8967503085150144,0.0005400748352191176,0.8857142857142857,0.8823529411764706,0.16203042623526898,0.9,0.2867224974443658,0.4598666261038367,scale_down,,,,,,,,,,,,,,,,,,,,,,,,,,,,,,,,,,,,,,,,,,,,,,,,,
cit-HepTh,0.2,HYB-RPN-RW(α=0.7),hybrid,0.7,0.0,5554.0,0.06477637978932205,0.10003596481248356,0.8943831397959838,0.0007724578079247868,0.8857142857142857,0.8823529411764706,0.1680606157352924,0.9,0.3019753086419753,0.4664523437193043,scale_down,,,,,,,,,,,,,,,,,,,,,,,,,,,,,,,,,,,,,,,,,,,,,,,,,
cit-HepTh,0.2,HYB-RPN-RW(α=0.7),hybrid,0.7,1.0,5554.0,0.07585027188634952,0.12626539772121803,0.8611388611388612,0.0011546919203837547,0.9142857142857143,0.8823529411764706,0.1593656003632118,0.9,0.28707931675968207,0.46749919947243235,scale_down,,,,,,,,,,,,,,,,,,,,,,,,,,,,,,,,,,,,,,,,,,,,,,,,,
cit-HepTh,0.2,HYB-RPN-FF(α=0.3),hybrid,0.3,0.0,5554.0,0.06076230391896953,0.12097029090879957,0.888917773676138,0.0010587156790048402,0.8571428571428571,0.8529411764705882,0.30190676291994945,0.84,0.28350970017636684,0.46746773121029706,scale_down,,,,,,,,,,,,,,,,,,,,,,,,,,,,,,,,,,,,,,,,,,,,,,,,,
cit-HepTh,0.2,HYB-RPN-FF(α=0.3),hybrid,0.3,1.0,5554.0,0.05593060101885805,0.021633348966164645,0.9378888827707725,0.0005565124214557127,0.8857142857142857,0.8823529411764706,0.17911507081034939,0.86,0.329119538700377,0.4613679090643037,scale_down,,,,,,,,,,,,,,,,,,,,,,,,,,,,,,,,,,,,,,,,,,,,,,,,,
cit-HepTh,0.2,HYB-RPN-FF(α=0.5),hybrid,0.5,0.0,5554.0,0.02813211500759316,0.04277340920495798,0.9011151011151011,0.0016549375582306514,0.8857142857142857,0.8823529411764706,0.18162381181622667,0.86,0.32227964398507036,0.4561829161753262,scale_down,,,,,,,,,,,,,,,,,,,,,,,,,,,,,,,,,,,,,,,,,,,,,,,,,
cit-HepTh,0.2,HYB-RPN-FF(α=0.5),hybrid,0.5,1.0,5554.0,0.046310876234301634,0.05568558280158897,0.9032011677642746,0.002166891853054409,0.8857142857142857,0.8823529411764706,0.2645420617480374,0.86,0.30885730691932245,0.4676479015790373,scale_down,,,,,,,,,,,,,,,,,,,,,,,,,,,,,,,,,,,,,,,,,,,,,,,,,
cit-HepTh,0.2,HYB-RPN-FF(α=0.7),hybrid,0.7,0.0,5554.0,0.05284192367059104,0.08759248660836016,0.8939078939078939,0.0007257145569625756,0.8857142857142857,0.8823529411764706,0.16622607625803776,0.9,0.3367781760254879,0.4673488331020099,scale_down,,,,,,,,,,,,,,,,,,,,,,,,,,,,,,,,,,,,,,,,,,,,,,,,,
cit-HepTh,0.2,HYB-RPN-FF(α=0.7),hybrid,0.7,1.0,5554.0,0.08126320520625951,0.11081732886250517,0.858553211494388,0.0019978229737781517,0.8857142857142857,0.8823529411764706,0.15717632817637261,0.92,0.31817794806300553,0.4684503412963406,scale_down,,,,,,,,,,,,,,,,,,,,,,,,,,,,,,,,,,,,,,,,,,,,,,,,,
cit-HepTh,0.2,HYB-RDN-RW(α=0.3),hybrid,0.3,0.0,5554.0,0.04739166648626969,0.06042588057893844,0.9453879453879453,0.0007568048482932133,0.8857142857142857,0.8823529411764706,0.2693236941425762,0.82,0.24691358024691357,0.4620296442868547,scale_down,,,,,,,,,,,,,,,,,,,,,,,,,,,,,,,,,,,,,,,,,,,,,,,,,
cit-HepTh,0.2,HYB-RDN-RW(α=0.3),hybrid,0.3,1.0,5554.0,0.01903371594083858,0.04392289797737092,0.9374514374514374,0.0005979111211228405,0.8857142857142857,0.8823529411764706,0.2368109366702255,0.86,0.2681596325007178,0.45933819539471876,scale_down,,,,,,,,,,,,,,,,,,,,,,,,,,,,,,,,,,,,,,,,,,,,,,,,,
cit-HepTh,0.2,HYB-RDN-RW(α=0.5),hybrid,0.5,0.0,5554.0,0.012966901205912484,0.05810459821559666,0.8904428904428905,0.0010463246317136132,0.8857142857142857,0.8823529411764706,0.24818227597285214,0.86,0.27349310094408136,0.45692259092264476,scale_down,,,,,,,,,,,,,,,,,,,,,,,,,,,,,,,,,,,,,,,,,,,,,,,,,
cit-HepTh,0.2,HYB-RDN-RW(α=0.5),hybrid,0.5,1.0,5554.0,0.02061643178985717,0.04335465625163293,0.8904428904428905,0.002105906562895332,0.8857142857142857,0.8823529411764706,0.2711943554302646,0.86,0.3069367710251688,0.4625242487103851,scale_down,,,,,,,,,,,,,,,,,,,,,,,,,,,,,,,,,,,,,,,,,,,,,,,,,
cit-HepTh,0.2,HYB-RDN-RW(α=0.7),hybrid,0.7,0.0,5554.0,0.04126146513419049,0.07197039084146956,0.8924152770306616,0.001123745425639422,0.8857142857142857,0.8823529411764706,0.300099222078082,0.84,0.23667000333667002,0.4612897034152743,scale_down,,,,,,,,,,,,,,,,,,,,,,,,,,,,,,,,,,,,,,,,,,,,,,,,,
cit-HepTh,0.2,HYB-RDN-RW(α=0.7),hybrid,0.7,1.0,5554.0,0.040577187625192024,0.06131149031332411,0.9132523917799992,0.0014309877727231024,0.8857142857142857,0.8823529411764706,0.29410276945280867,0.84,0.23580246913580247,0.4616160581078451,scale_down,,,,,,,,,,,,,,,,,,,,,,,,,,,,,,,,,,,,,,,,,,,,,,,,,
cit-HepTh,0.2,HYB-RDN-FF(α=0.3),hybrid,0.3,0.0,5554.0,0.010040971788499498,0.07467544883365934,0.9255912626699143,0.0008360825769279101,0.8571428571428571,0.8529411764705882,0.26661165794924346,0.84,0.31448647228789073,0.46025843663550897,scale_down,,,,,,,,,,,,,,,,,,,,,,,,,,,,,,,,,,,,,,,,,,,,,,,,,
cit-HepTh,0.2,HYB-RDN-FF(α=0.3),hybrid,0.3,1.0,5554.0,0.028169741652819935,0.0885177420112867,0.9448142219226556,0.0013146167436091094,0.8571428571428571,0.8823529411764706,0.27716926843870937,0.84,0.30343364197530864,0.46921278122930193,scale_down,,,,,,,,,,,,,,,,,,,,,,,,,,,,,,,,,,,,,,,,,,,,,,,,,
cit-HepTh,0.2,HYB-RDN-FF(α=0.5),hybrid,0.5,0.0,5554.0,0.01808254255773964,0.05546700004358479,0.8639747349424769,0.0008495936522242564,0.8857142857142857,0.8823529411764706,0.26255545516527323,0.84,0.27098765432098765,0.45333157861922696,scale_down,,,,,,,,,,,,,,,,,,,,,,,,,,,,,,,,,,,,,,,,,,,,,,,,,
cit-HepTh,0.2,HYB-RDN-FF(α=0.5),hybrid,0.5,1.0,5554.0,0.03728965755399205,0.0783752093793117,0.9103623649078194,0.0006870457034751087,0.8857142857142857,0.8823529411764706,0.2778357687596905,0.86,0.2918595679012346,0.46938631567736444,scale_down,,,,,,,,,,,,,,,,,,,,,,,,,,,,,,,,,,,,,,,,,,,,,,,,,
cit-HepTh,0.2,HYB-RDN-FF(α=0.7),hybrid,0.7,0.0,5554.0,0.03828989794079418,0.08715432492975783,0.8967503085150144,0.0005824899908126735,0.8857142857142857,0.8823529411764706,0.2947961196372928,0.84,0.25828460038986356,0.464880552032699,scale_down,,,,,,,,,,,,,,,,,,,,,,,,,,,,,,,,,,,,,,,,,,,,,,,,,
cit-HepTh,0.2,HYB-RDN-FF(α=0.7),hybrid,0.7,1.0,5554.0,0.023694434909801054,0.05740548015512864,0.9063403263403264,0.0016158588245981376,0.8857142857142857,0.8823529411764706,0.26864196752890535,0.84,0.24966083299416633,0.45726956973818694,scale_down,,,,,,,,,,,,,,,,,,,,,,,,,,,,,,,,,,,,,,,,,,,,,,,,,
cit-HepTh,0.15,RN,,,,,,,,,,,,,,,back_in_time,0.3750587469629675,0.26999999999999996,0.3225293734814837,0.3778732656864775,0.3033435309580181,0.03037267746607695,0.002411578676866536,1.0,1.0,0.32354624542124544,1.0,0.9045454545454545,0.5491214169726821,0.14415816189263359,0.1271530547675419,0.012096041501779207,0.002411578676866536,0.8875,1.0,0.16570602182823374,0.81,0.22045454545454546,0.3743866004579556,0.052903568716780563,0.019059543427554525,0.01550469357846407,0.002411578676866536,0.55,0.5375,0.0897465034965035,0.14,0.2018181818181818,0.17877156330159455,0.14427072545057634,0.2169426491952781,0.04094382517263365,0.00796455621288703,0.8666666666666667,0.8333333333333334,0.21679159336004952,0.94,0.3146853146853147,0.3979554071196376,0.15,0.1,0.5,0.2,0.4,0.26999999999999996
cit-HepTh,0.15,RPN,,,,,,,,,,,,,,,back_in_time,0.4400432508144928,0.28,0.3600216254072464,0.5419601976608919,0.5429666379489617,0.04606398778664549,0.00977801356123278,1.0,1.0,0.5619113029827315,1.0,0.9534632034632035,0.6284603714892965,0.3082450938670479,0.3696333046156284,0.02582107280688841,0.00977801356123278,0.9258241758241759,1.0,0.4401451243923363,0.96,0.2842157842157842,0.48040695214256596,0.233532175674377,0.25570961851051677,0.019164018277493453,0.00977801356123278,0.8564102564102565,0.8564102564102565,0.29786276223776226,0.78,0.30233766233766235,0.40124497371328416,0.0845685708216907,0.052562597544921305,0.03332237332842765,0.0024668843979508944,0.5692307692307692,0.554945054945055,0.10684337633988206,0.62,0.22660672660672662,0.2500607059128248,0.2,0.4,0.30000000000000004,0.2,0.30000000000000004,0.28
cit-HepTh,0.15,RDN,,,,,,,,,,,,,,,back_in_time,0.5240452130065862,0.2,0.36202260650329315,0.6697801079100072,0.7304036429119103,0.04347076023391813,0.015741507870753936,1.0,1.0,0.77224784144427,1.0,0.96875,0.6889326511523177,0.4412182239818007,0.557070309578577,0.03237464387464387,0.015741507870753936,0.9321266968325792,1.0,0.6504816628538748,1.0,0.47896634615384615,0.5675532656828972,0.37282717431877566,0.4693289509125279,0.022525030525030527,0.015741507870753936,0.9337606837606838,0.8675213675213675,0.5081993006993006,0.92,0.3875,0.49971155728982664,0.23284801294877744,0.27609691914432655,0.03917615176151761,0.005365372981000369,0.8012820512820513,0.7735042735042735,0.29845261948978596,0.18,0.453125,0.3399833779013036,0.2,0.2,0.2,0.2,0.2,0.2
cit-HepTh,0.15,RW,,,,,,,,,,,,,,,back_in_time,0.6315552417633703,0.2,0.4157776208816852,0.6656105487889038,0.7282323753366108,1.0,0.015678399149701577,1.0,1.0,0.8844273286237572,1.0,0.9840852130325815,0.8086704294368394,0.43189544499505983,0.5548990420032774,1.0,0.015678399149701577,0.9393382352941176,1.0,0.762661150033362,1.0,0.3325525351841141,0.6707805340732924,0.34919693396770607,0.46016695904356253,1.0,0.015678399149701577,0.9393382352941176,0.8786764705882353,0.6195775058275058,0.92,0.3232832080200501,0.6117686346545421,0.19841963226334822,0.2613221393564102,0.998780487804878,0.005302264259948011,0.8117647058823529,0.7867647058823529,0.427002899683967,0.2,0.2256554848660112,0.4350013688888076,0.2,0.2,0.2,0.2,0.2,0.2
cit-HepTh,0.15,FF,,,,,,,,,,,,,,,back_in_time,0.5197610017053098,0.24,0.3798805008526549,0.5430273263082693,0.6044219509543556,0.3792985634375795,0.02035773366418528,1.0,1.0,0.707760989010989,1.0,0.9629120879120879,0.6908642945874963,0.30931222251442536,0.43108861762102224,0.35905564845782234,0.02035773366418528,0.930952380952381,1.0,0.5507220474692593,0.98,0.5116758241758241,0.5659071638727688,0.22631779194019838,0.3195692273612194,0.3395196289218029,0.02035773366418528,0.9330357142857143,0.8660714285714286,0.40723776223776226,0.86,0.45456043956043957,0.4918521918380834,0.07293925610446769,0.12005558544020083,0.3079820607988688,0.009981598774431711,0.7238095238095238,0.7321428571428572,0.19250419476753655,0.37,0.44436813186813184,0.330420356522891,0.2,0.2,0.4,0.2,0.2,0.24
cit-HepTh,0.15,HYB-RN-RW,,,,,,,,,,,,,,,back_in_time,0.4650606151374267,0.24,0.3525303075687133,0.5738517848874385,0.6199097951490296,0.03655388218529012,0.005517285390899436,1.0,1.0,0.6579215223476873,1.0,0.9547764227642277,0.6498367436360636,0.34013668109359463,0.4451478903871249,0.05679679716504721,0.005517285390899436,0.9198717948717949,1.0,0.5361553437572921,0.97,0.18288774233896185,0.4951681705560794,0.25723594911031245,0.32920666042236413,0.07633281670106674,0.005517285390899436,0.8833333333333333,0.8564102564102565,0.39350369799290574,0.8200000000000001,0.1391361788617886,0.4178529086914363,0.11031863432474873,0.12726910250833695,0.10787038482400071,0.00485884949885413,0.6333333333333333,0.6666666666666666,0.3290035858504605,0.49,0.20714118198874296,0.2973846376661271,0.2,0.30000000000000004,0.30000000000000004,0.2,0.2,0.24
cit-HepTh,0.15,HYB-RN-FF,,,,,,,,,,,,,,,back_in_time,0.46019052742156363,0.215,0.33759526371078186,0.572871572871573,0.586300088945652,0.021945913718404538,0.011412316527260082,1.0,1.0,0.5913309129067971,1.0,0.9556097560975609,0.6377189512296941,0.3391564690777289,0.41296675561231855,0.01609796050203027,0.011412316527260082,0.9226190476190477,1.0,0.46956473431640183,0.97,0.3618949343339587,0.5004124686654161,0.25603463203463206,0.30184951983780633,0.02244432731351336,0.011412316527260082,0.8869047619047619,0.8452380952380952,0.32691308855201545,0.8,0.36146341463414633,0.42358446178247,0.10077376888468742,0.10085359951143243,0.053939302370598456,0.0017209750117399098,0.641025641025641,0.5773809523809523,0.111097047414594,0.5800000000000001,0.344624765478424,0.2790462280086744,0.275,0.2,0.2,0.2,0.2,0.215
cit-HepTh,0.15,HYB-RPN-FF,,,,,,,,,,,,,,,back_in_time,0.4769493248228377,0.24,0.3584746624114189,0.5771744239576378,0.6017014284578486,0.05671013657962801,0.009808199848441296,1.0,1.0,0.6238161022620561,1.0,0.9543331603528802,0.647060383495388,0.3434593201637939,0.42836809512451524,0.03928092290306951,0.009808199848441296,0.9372549019607843,1.0,0.5020499236716608,0.96,0.4176679573669714,0.5153210356710263,0.25315870188333833,0.3144444090194036,0.0391531649277779,0.009808199848441296,0.9330357142857143,0.8745098039215686,0.35948814766525594,0.8,0.3632797093928386,0.43854198343825984,0.101126733051397,0.11222699258238442,0.0391531649277779,0.0014594057853615197,0.7321428571428572,0.6862745098039216,0.1802288820370834,0.56,0.34925252484930747,0.30687389668667675,0.2,0.30000000000000004,0.30000000000000004,0.2,0.2,0.24
cit-HepPh,0.15,RN,,,,,,,,,,,,,,,back_in_time,0.4019889825310181,0.26,0.33099449126550906,0.030149517198221232,0.03494302900015402,0.020738868008445377,0.0008050819450512792,0.8605769230769231,0.8605769230769231,0.16726471393765244,0.51,0.2545996306865872,0.3044060763255509,0.18288074006300298,0.24836710733753004,0.04683422175581488,0.0006356846536667321,0.7916666666666667,0.7307692307692308,0.21461085897346704,0.96,0.15462001486846208,0.3700427250097601,0.27464846309696545,0.3911889663800757,0.07304189402671235,0.0005785109928564403,0.9130434782608695,0.9090909090909091,0.3319438211101954,1.0,0.17275302057910752,0.4518098959486323,0.3233757035364302,0.47571681752445355,0.1545805551580045,0.0036766337130495486,0.9375,0.9375,0.381663122354828,1.0,0.12126226327439674,0.4816972328401292,0.2,0.2,0.4,0.2,0.30000000000000004,0.26
cit-HepPh,0.15,RPN,,,,,,,,,,,,,,,back_in_time,0.3788135501578664,0.2,0.2894067750789332,0.2010378954577957,0.2830254653685118,0.04398373205495802,0.0025901068040121798,0.9472222222222222,0.9472222222222222,0.3686470735194861,0.88,0.39884169884169884,0.45250782405454526,0.03907837580104692,0.034190860381386176,0.07241361013525423,0.0024204226005248766,0.7836257309941521,0.8333333333333334,0.08512946748617228,0.54,0.286403750689465,0.29739950571348167,0.08331213621627853,0.15432860045976637,0.0986212824061517,0.0017188118899891247,0.8260869565217391,0.7954545454545454,0.10657055623178138,0.91,0.21093208593208593,0.35411388612359307,0.1335185770596774,0.24837922119564787,0.18015994353744386,0.0018916088540886777,0.90625,0.90625,0.15222765028956378,0.97,0.2024198617221873,0.41123298473984543,0.2,0.2,0.2,0.2,0.2,0.2
cit-HepPh,0.15,RDN,,,,,,,,,,,,,,,back_in_time,0.3798857892296274,0.24,0.3099428946148137,0.29909214172705106,0.4367014340477119,0.05559654385988514,0.005573348575201741,0.9467787114845938,0.9455882352941176,0.5249745705811245,0.97,0.4054081456020179,0.5099681256857449,0.147947722221458,0.1965086060819009,0.08510392553895818,0.005403664371714438,0.861764705882353,0.873015873015873,0.29047571383141824,0.26,0.30040395940269826,0.33562490781626375,0.04947221252547557,0.04775498183675911,0.11131159780985564,0.004702053661178707,0.7608695652173914,0.7272727272727273,0.2137737068193265,0.62,0.218782040185883,0.3059932094809552,0.0262309105893046,0.06368035990426951,0.19285025894114782,0.0010916329171009043,0.875,0.875,0.18453287743218685,0.86,0.2332261856359018,0.36795691393554575,0.2,0.4,0.2,0.2,0.2,0.24
cit-HepPh,0.15,RW,,,,,,,,,,,,,,,back_in_time,0.4838229512048814,0.2,0.34191147560244073,0.32460967431775134,0.4349242063109805,1.0,0.0029656588077723997,0.9528508771929824,0.9541666666666666,0.5026756734182772,0.97,0.4760941161895126,0.6242540969893269,0.16206996616829647,0.20562330105128357,0.9980582524271845,0.002795974604285097,0.8871635610766045,0.8871635610766045,0.24570933141244672,0.38,0.3575270680650666,0.45845677954241915,0.0721615769343813,0.061629865145640034,0.9969512195121951,0.0020943638937493403,0.6790890269151139,0.6636363636363636,0.16075069898518604,0.64,0.27013066972053745,0.39404930941590743,0.056349221075556705,0.0557081826833975,0.9957446808510638,0.0015160568503284622,0.859375,0.859375,0.1718184753082207,0.8400000000000001,0.28689795307828186,0.4585316188718721,0.2,0.2,0.2,0.2,0.2,0.2
cit-HepPh,0.15,FF,,,,,,,,,,,,,,,back_in_time,0.3909723987247551,0.2,0.2954861993623775,0.22747353303314352,0.3612494243951641,0.2616915216935415,0.004079912323144382,0.9572727272727273,0.9582608695652174,0.38970444526683523,0.94,0.4985676088617266,0.5109222269346111,0.07644046942631004,0.11198296789427374,0.2321841400144684,0.003910228119657079,0.8718181818181818,0.8718181818181818,0.09325124328950649,0.27,0.404353104878315,0.3261953908065438,0.07365970057263221,0.04977720363241395,0.20597646774357095,0.0032086174091213726,0.7391304347826086,0.7045454545454546,0.081452079368623,0.85,0.3036953242835596,0.33460503137088715,0.12370055791578677,0.14038599198836496,0.12443780661227878,0.0010756520982654338,0.875,0.875,0.12673063429760734,0.94,0.32317186917050117,0.3921669457869783,0.2,0.2,0.2,0.2,0.2,0.2
cit-HepPh,0.15,HYB-RN-RW,,,,,,,,,,,,,,,back_in_time,0.36813877030933606,0.22,0.294069385154668,0.2096083866101069,0.2873229015024809,0.04637860309423447,0.0024191391825023564,0.9472222222222222,0.9472222222222222,0.3944580370402168,0.92,0.36783804430863254,0.45805217290917977,0.05917816862459535,0.03918455666718601,0.07588598477330752,0.0022619714780364912,0.8377192982456141,0.8452380952380952,0.16413541064032736,0.31,0.2510135872530831,0.2871796747689161,0.048156394118041596,0.12269683995791986,0.10209365704420498,0.0016618032200569899,0.8043478260869565,0.7954545454545454,0.116019329952871,0.87,0.1500205676676265,0.334494551500247,0.09749807192280924,0.21460689435473349,0.18363231817549713,0.0020625764755984877,0.890625,0.890625,0.12740535508029696,0.95,0.17900292252207436,0.39282868205900107,0.2,0.30000000000000004,0.2,0.2,0.2,0.22
cit-HepPh,0.15,HYB-RN-FF,,,,,,,,,,,,,,,back_in_time,0.38093669273593217,0.2,0.2904683463679661,0.18348372438140065,0.270933012708745,0.037489517624541044,0.002075599683811961,0.9494949494949495,0.9519450800915332,0.37152065042430815,0.88,0.4460935725641608,0.4547817896637167,0.027430141409560467,0.028577226890533342,0.06699689930361408,0.001905915480324658,0.8263888888888888,0.8236714975845411,0.0861680879421856,0.55,0.31052285779176536,0.3024068350323793,0.08366335728772673,0.15807157891513152,0.09320457157451156,0.0012043047697888887,0.8043478260869565,0.7954545454545454,0.08788840199152456,0.94,0.22825710325710324,0.35467685437080987,0.1363286327914977,0.252122199651013,0.17474323270580372,0.0024061159742889138,0.890625,0.890625,0.1349034223281235,0.97,0.2551780234406773,0.41188129187682265,0.2,0.2,0.2,0.2,0.2,0.2
cit-HepPh,0.15,HYB-RPN-FF,,,,,,,,,,,,,,,back_in_time,0.3890854546177193,0.2,0.29454272730885966,0.2086436396667094,0.296816557256643,0.051455073494547185,0.0034272892180426447,0.9532608695652174,0.9511904761904761,0.366555338799795,0.88,0.47003841229193344,0.4645986284981516,0.05957317922408413,0.047981952269517354,0.08096245517362022,0.003257605014555342,0.8460526315789474,0.849624060150376,0.0602354682700482,0.54,0.3621469074185372,0.3166482510110762,0.08285041718213781,0.12282382114833401,0.10717012744451769,0.002555994304019593,0.8260869565217391,0.7954545454545454,0.10147762619658365,0.91,0.2722447740053374,0.35785158469524614,0.1347123565726716,0.2168744418842155,0.18870878857580986,0.0012831365999275701,0.890625,0.90625,0.15045003583200023,0.98,0.28628642893300604,0.4172433542664034,0.2,0.2,0.2,0.2,0.2,0.2
